id,name,fix_type,before,after
bedca_0004,Pan de centeno,pan_desayuno,"{""meal_slot"": ""any""}","{""meal_slot"": ""desayuno""}"
bedca_0068,"Pan blanco, de barra",pan_desayuno,"{""meal_slot"": ""any""}","{""meal_slot"": ""desayuno""}"
bedca_0177,"Pan integral, sin sal",pan_desayuno,"{""meal_slot"": ""any""}","{""meal_slot"": ""desayuno""}"
bedca_0291,"Pan integral, tostado",pan_desayuno,"{""meal_slot"": ""any""}","{""meal_slot"": ""desayuno""}"
bedca_0342,"Pan blanco, tipo ""baguette""",pan_desayuno,"{""meal_slot"": ""any""}","{""meal_slot"": ""desayuno""}"
bedca_0343,"Pan blanco, de barra, sin sal",pan_desayuno,"{""meal_slot"": ""any""}","{""meal_slot"": ""desayuno""}"
bedca_0371,Pan tipo baguette,pan_desayuno,"{""meal_slot"": ""any""}","{""meal_slot"": ""desayuno""}"
bedca_0380,"Pan blanco, integral",pan_desayuno,"{""meal_slot"": ""any""}","{""meal_slot"": ""desayuno""}"
bedca_0421,Arroz,grain_raw,"{""raw_ingredient"": false}","{""raw_ingredient"": true}"
bedca_0586,Pan integral,pan_desayuno,"{""meal_slot"": ""any""}","{""meal_slot"": ""desayuno""}"
bedca_0911,Pan de cebada,pan_desayuno,"{""meal_slot"": ""any""}","{""meal_slot"": ""desayuno""}"
bedca_0918,Pan de maíz,pan_desayuno,"{""meal_slot"": ""any""}","{""meal_slot"": ""desayuno""}"
off_f286cde0a1,Macarrones Boloñesa,grain_raw,"{""raw_ingredient"": false}","{""raw_ingredient"": true}"
off_dc92d31c04,Tallarines a la carbonara,grain_raw,"{""raw_ingredient"": false}","{""raw_ingredient"": true}"
off_cf11183ce4,Maiz gigante sabor BBQ,grain_raw,"{""raw_ingredient"": false}","{""raw_ingredient"": true}"
off_951f2f5bb1,Maiz crudo,grain_raw,"{""raw_ingredient"": false}","{""raw_ingredient"": true}"
off_7701a53d34,Penne integral,grain_raw,"{""raw_ingredient"": false}","{""raw_ingredient"": true}"
off_f6a334f1a7,Macarron alto contenido en fibra,grain_raw,"{""raw_ingredient"": false}","{""raw_ingredient"": true}"
off_9384cb8cd7,Bulgur,grain_raw,"{""raw_ingredient"": false}","{""raw_ingredient"": true}"
off_71de181b4b,Quinoa BIO,grain_raw,"{""raw_ingredient"": false}","{""raw_ingredient"": true}"
off_41ea3cd98f,Pan de molde cereales y semillas,pan_desayuno,"{""meal_slot"": ""any""}","{""meal_slot"": ""desayuno""}"
off_9e1616395e,Pan de molde integral 15 cereales y semillas,pan_desayuno,"{""meal_slot"": ""any""}","{""meal_slot"": ""desayuno""}"
off_d79af1bc2e,Pan de molde multicereales Auchan,pan_desayuno,"{""meal_slot"": ""any""}","{""meal_slot"": ""desayuno""}"
off_4f7fbe5d1e,Pan de molde 12 cereales y semillas,pan_desayuno,"{""meal_slot"": ""any""}","{""meal_slot"": ""desayuno""}"
off_a02cc36c0d,Pan con cereales y semillas,pan_desayuno,"{""meal_slot"": ""any""}","{""meal_slot"": ""desayuno""}"
off_99a1a160a3,Pan de molde 12 semillas y cereales,pan_desayuno,"{""meal_slot"": ""any""}","{""meal_slot"": ""desayuno""}"
off_da353f1cf9,Pan de molde 100% integral de trigo,pan_desayuno,"{""meal_slot"": ""any""}","{""meal_slot"": ""desayuno""}"
off_5121e8b473,8 tortillas de trigo con maíz,grain_raw,"{""raw_ingredient"": false}","{""raw_ingredient"": true}"
off_cfcc9caa45,Pan De Molde Multicereales,pan_desayuno,"{""meal_slot"": ""any""}","{""meal_slot"": ""desayuno""}"
off_19682e3d6c,Tortillas trigo,grain_raw,"{""raw_ingredient"": false}","{""raw_ingredient"": true}"
off_5a712ccfe9,Pan de molde integral de trigo,pan_desayuno,"{""meal_slot"": ""any""}","{""meal_slot"": ""desayuno""}"
off_2889d595ba,Pan 6 cereales,pan_desayuno,"{""meal_slot"": ""any""}","{""meal_slot"": ""desayuno""}"
off_52d1d0d809,Pan de trigo espelta 100%,pan_desayuno,"{""meal_slot"": ""any""}","{""meal_slot"": ""desayuno""}"
off_9615c5c00f,Pan ácimo,pan_desayuno,"{""meal_slot"": ""any""}","{""meal_slot"": ""desayuno""}"
off_599ef077d1,Macarrón grande,grain_raw,"{""raw_ingredient"": false}","{""raw_ingredient"": true}"
off_65f54db49f,Cuscús de maíz,grain_raw,"{""raw_ingredient"": false}","{""raw_ingredient"": true}"
off_dd27aaeeca,Espelta Penne Rigate,grain_raw,"{""raw_ingredient"": false}","{""raw_ingredient"": true}"
off_c26bba9886,Pan de molde 35% avena,pan_desayuno,"{""meal_slot"": ""any""}","{""meal_slot"": ""desayuno""}"
off_3ba10eb8c6,Fideos,grain_raw,"{""raw_ingredient"": false}","{""raw_ingredient"": true}"
off_a8a16e8780,Cuscús,grain_raw,"{""raw_ingredient"": false}","{""raw_ingredient"": true}"
off_b02a64749f,3 min PENNE RIGATE COCCIÓN RÁPIDA,grain_raw,"{""raw_ingredient"": false}","{""raw_ingredient"": true}"
off_d8c05e4bf2,Macarrones,grain_raw,"{""raw_ingredient"": false}","{""raw_ingredient"": true}"
off_bdb6781684,Fusilli tricolor,grain_raw,"{""raw_ingredient"": false}","{""raw_ingredient"": true}"
off_40bdc91eb5,Couscous Con especias,grain_raw,"{""raw_ingredient"": false}","{""raw_ingredient"": true}"
off_3cb362cddc,Fusilli,grain_raw,"{""raw_ingredient"": false}","{""raw_ingredient"": true}"
off_b99f2348aa,Penne Rigate,grain_raw,"{""raw_ingredient"": false}","{""raw_ingredient"": true}"
off_1ea11d67d3,Fideos cabellin,grain_raw,"{""raw_ingredient"": false}","{""raw_ingredient"": true}"
off_18d76f4bfa,CUSCÚS Grano mediano,grain_raw,"{""raw_ingredient"": false}","{""raw_ingredient"": true}"
off_968655590c,Couscous,grain_raw,"{""raw_ingredient"": false}","{""raw_ingredient"": true}"
off_e0d31a613b,Fideos soba,grain_raw,"{""raw_ingredient"": false}","{""raw_ingredient"": true}"
off_3170be03c8,Cuscús fino,grain_raw,"{""raw_ingredient"": false}","{""raw_ingredient"": true}"
off_461f725be4,Sémola de trigo duro para migas,grain_raw,"{""raw_ingredient"": false}","{""raw_ingredient"": true}"
off_69292078fc,Espagueti,grain_raw,"{""raw_ingredient"": false}","{""raw_ingredient"": true}"
off_8e43e9ba28,Tallarines,grain_raw,"{""raw_ingredient"": false}","{""raw_ingredient"": true}"
off_97c749d3f8,Macarrón,grain_raw,"{""raw_ingredient"": false}","{""raw_ingredient"": true}"
off_83c3ddca7e,Penne rigate semi-complets,grain_raw,"{""raw_ingredient"": false}","{""raw_ingredient"": true}"
off_65c9bfe458,Macarrones tricolor,grain_raw,"{""raw_ingredient"": false}","{""raw_ingredient"": true}"
off_586ac9542b,Macarrón Fino,grain_raw,"{""raw_ingredient"": false}","{""raw_ingredient"": true}"
off_5f1ac5b4bf,Triángulos de trigo sarraceno,grain_raw,"{""raw_ingredient"": false}","{""raw_ingredient"": true}"
off_24bb61f200,Pan Pão de trigo,pan_desayuno,"{""meal_slot"": ""any""}","{""meal_slot"": ""desayuno""}"
off_3fabc39d7c,Bio espelta fusilli,grain_raw,"{""raw_ingredient"": false}","{""raw_ingredient"": true}"
off_d26b91398e,Macarrones Penne Rigate N.73,grain_raw,"{""raw_ingredient"": false}","{""raw_ingredient"": true}"
off_2148d628a0,Macarrón Rayado,grain_raw,"{""raw_ingredient"": false}","{""raw_ingredient"": true}"
off_bb68353287,Pan rústico,pan_desayuno,"{""meal_slot"": ""any""}","{""meal_slot"": ""desayuno""}"
off_240702fb23,3 min FUSILLI COCCIÓN RÁPIDA,grain_raw,"{""raw_ingredient"": false}","{""raw_ingredient"": true}"
off_317648409f,Espaguetis,grain_raw,"{""raw_ingredient"": false}","{""raw_ingredient"": true}"
off_4222ae60ea,3 fromages Special pasta,grain_raw,"{""raw_ingredient"": false}","{""raw_ingredient"": true}"
off_c160d4bf26,Lenteja pelada,legume_raw,"{""raw_ingredient"": false}","{""raw_ingredient"": true}"
off_9aa268bb89,Lentejas verdinas,legume_raw,"{""raw_ingredient"": false}","{""raw_ingredient"": true}"
off_53ff645758,Copos de avena integral,grain_raw,"{""raw_ingredient"": false}","{""raw_ingredient"": true}"
off_40982b813a,Alubia negra,legume_raw,"{""raw_ingredient"": false}","{""raw_ingredient"": true}"
off_8a94244577,Alubia Roja,legume_raw,"{""raw_ingredient"": false}","{""raw_ingredient"": true}"
off_785abe178c,Garbanzo,legume_raw,"{""raw_ingredient"": false}","{""raw_ingredient"": true}"
off_d320992620,Lenteja cocción rápida,legume_raw,"{""raw_ingredient"": false}","{""raw_ingredient"": true}"
off_b0089108f0,Arroz blanco Variedad Arborio,grain_raw,"{""raw_ingredient"": false}","{""raw_ingredient"": true}"
off_8c8be006a1,Arroz para sushi,grain_raw,"{""raw_ingredient"": false}","{""raw_ingredient"": true}"
off_8c90c4e957,Lenteja tipo Lanzarote,legume_raw,"{""raw_ingredient"": false}","{""raw_ingredient"": true}"
off_36e02d1ea6,Alubia mungo,legume_raw,"{""raw_ingredient"": false}","{""raw_ingredient"": true}"
off_61912305c2,Lenteja rápida,legume_raw,"{""raw_ingredient"": false}","{""raw_ingredient"": true}"
off_63904e610a,Zoo Pasta,grain_raw,"{""raw_ingredient"": false}","{""raw_ingredient"": true}"
off_9d46f560a0,Arroz grano largo,grain_raw,"{""raw_ingredient"": false}","{""raw_ingredient"": true}"
off_e03b1c93ce,Arroz Basmati,grain_raw,"{""raw_ingredient"": false}","{""raw_ingredient"": true}"
off_a5f432f762,Arroz redondo J Sendra,grain_raw,"{""raw_ingredient"": false}","{""raw_ingredient"": true}"
off_ab40f44cef,Arroz de Valencia - Denominación de origen,grain_raw,"{""raw_ingredient"": false}","{""raw_ingredient"": true}"
off_18166da21d,Arroz especial sushi,grain_raw,"{""raw_ingredient"": false}","{""raw_ingredient"": true}"
off_ea3ec1fc73,Alubia pinta,legume_raw,"{""raw_ingredient"": false}","{""raw_ingredient"": true}"
off_ee12c656a2,Arroz carnaroli,grain_raw,"{""raw_ingredient"": false}","{""raw_ingredient"": true}"
off_45c4150178,Pasta tiburón,grain_raw,"{""raw_ingredient"": false}","{""raw_ingredient"": true}"
off_baae85ede6,Arroz especial ensaladas y guarnición,grain_raw,"{""raw_ingredient"": false}","{""raw_ingredient"": true}"
off_4926ffb6b7,Alubia blanca,legume_raw,"{""raw_ingredient"": false}","{""raw_ingredient"": true}"
off_bc268c8b35,Arroz risotto arborio,grain_raw,"{""raw_ingredient"": false}","{""raw_ingredient"": true}"
off_58e052716c,Arroz de CAMBOYA,grain_raw,"{""raw_ingredient"": false}","{""raw_ingredient"": true}"
off_a9313a470d,Arroz Arborio para risotto,grain_raw,"{""raw_ingredient"": false}","{""raw_ingredient"": true}"
off_d8b86dac3b,Arroz grano largo no se pasa,grain_raw,"{""raw_ingredient"": false}","{""raw_ingredient"": true}"
off_41eda0d3f1,Noodles de arroz,grain_raw,"{""raw_ingredient"": false}","{""raw_ingredient"": true}"
off_ca552eefb9,Arroz jazmin thai,grain_raw,"{""raw_ingredient"": false}","{""raw_ingredient"": true}"
off_45158646b0,Arroz basmati aromático,grain_raw,"{""raw_ingredient"": false}","{""raw_ingredient"": true}"
off_bdc458bf86,Arroz thaï,grain_raw,"{""raw_ingredient"": false}","{""raw_ingredient"": true}"
off_1b5424432e,Pan de molde semillas y pipas de calabaza,pan_desayuno,"{""meal_slot"": ""any""}","{""meal_slot"": ""desayuno""}"
off_3b6503a94f,Pan especial con aceite de oliva y semillas de hinojo,pan_desayuno,"{""meal_slot"": ""any""}","{""meal_slot"": ""desayuno""}"
off_ef6f0dc6f6,Arroz la campana,grain_raw,"{""raw_ingredient"": false}","{""raw_ingredient"": true}"
off_5fa6d006e7,Arroz bomba alta cocina caja 1 kg,grain_raw,"{""raw_ingredient"": false}","{""raw_ingredient"": true}"
off_d7e5fd9069,Fideos de arroz vermicelli,grain_raw,"{""raw_ingredient"": false}","{""raw_ingredient"": true}"
off_3d21798f9c,Arroz sueltisssimo,grain_raw,"{""raw_ingredient"": false}","{""raw_ingredient"": true}"
off_b17040eca2,Arroz semi-integral Tai,grain_raw,"{""raw_ingredient"": false}","{""raw_ingredient"": true}"
off_522ee49b0e,Arroz largo paquete 1 kg,grain_raw,"{""raw_ingredient"": false}","{""raw_ingredient"": true}"
off_ef9f538efb,Nopal Avena,grain_raw,"{""raw_ingredient"": false}","{""raw_ingredient"": true}"
off_ab569fc06f,Arroz redondo integral,grain_raw,"{""raw_ingredient"": false}","{""raw_ingredient"": true}"
off_5641d525db,Arroz extra,grain_raw,"{""raw_ingredient"": false}","{""raw_ingredient"": true}"
off_2404ee6b0e,Callentani Pasta,grain_raw,"{""raw_ingredient"": false}","{""raw_ingredient"": true}"
off_653d78b971,Arroz calidad de oro,grain_raw,"{""raw_ingredient"": false}","{""raw_ingredient"": true}"
off_ed8eebb52c,Arroz bomba reserva 1 kg,grain_raw,"{""raw_ingredient"": false}","{""raw_ingredient"": true}"
off_1fe1ab4a43,Arroz bomba reserva,grain_raw,"{""raw_ingredient"": false}","{""raw_ingredient"": true}"
off_d00d7d380a,"Lenteja, 3 quinoas y lino",legume_raw,"{""raw_ingredient"": false}","{""raw_ingredient"": true}"
off_00dfd5c332,Arroz con boletus,grain_raw,"{""raw_ingredient"": false}","{""raw_ingredient"": true}"
off_058f92cf60,Arroz especial paellas paquete 1 kg,grain_raw,"{""raw_ingredient"": false}","{""raw_ingredient"": true}"
off_6f6c32cc7b,Arroz largo integral,grain_raw,"{""raw_ingredient"": false}","{""raw_ingredient"": true}"
off_5b41f38f2f,Arroz especial ensaladas,grain_raw,"{""raw_ingredient"": false}","{""raw_ingredient"": true}"
off_4a30daa308,Espirales de lentejas rosa sin gluten,legume_raw,"{""raw_ingredient"": false}","{""raw_ingredient"": true}"
off_6e8ec3d494,Pasta Al Peperoncino e Basilico,grain_raw,"{""raw_ingredient"": false}","{""raw_ingredient"": true}"
off_2ac220c346,"Papillas Nestlé avena,especta y centeno",grain_raw,"{""raw_ingredient"": false}","{""raw_ingredient"": true}"
off_410aa794a4,La Fabbrica Della Pasta - Lumaconi Gigante,grain_raw,"{""raw_ingredient"": false}","{""raw_ingredient"": true}"
off_b2d8cbe65c,"El Mago, Arroz Grano Mediano",grain_raw,"{""raw_ingredient"": false}","{""raw_ingredient"": true}"
off_33366290a5,Pasta integral de trigo tallarines con espirulina,grain_raw,"{""raw_ingredient"": false}","{""raw_ingredient"": true}"
off_5601c92637,Eliges arroz extra,grain_raw,"{""raw_ingredient"": false}","{""raw_ingredient"": true}"
off_568f3dd901,Arroz rojo,grain_raw,"{""raw_ingredient"": false}","{""raw_ingredient"": true}"
off_20b9ddd3db,Arroz bomba selección,grain_raw,"{""raw_ingredient"": false}","{""raw_ingredient"": true}"
off_c9ac8fe0ee,Arroz basmati integral,grain_raw,"{""raw_ingredient"": false}","{""raw_ingredient"": true}"
off_4860a4a918,La Fallera Arroz Extra,grain_raw,"{""raw_ingredient"": false}","{""raw_ingredient"": true}"
off_6873ad23ce,Arroz semi integral de cultivo ecológico,grain_raw,"{""raw_ingredient"": false}","{""raw_ingredient"": true}"
off_418e42e386,Penis Pasta,grain_raw,"{""raw_ingredient"": false}","{""raw_ingredient"": true}"
off_1cbc868cc0,Arroz Basmati San Miguel,grain_raw,"{""raw_ingredient"": false}","{""raw_ingredient"": true}"
off_5d87d4bb09,Arroz bomba La Fallera,grain_raw,"{""raw_ingredient"": false}","{""raw_ingredient"": true}"
off_09f9e810bd,La Campana Arroz Bomba D. o. Valencia,grain_raw,"{""raw_ingredient"": false}","{""raw_ingredient"": true}"
off_1748ecc352,Fideos con quinoa sin gluten,grain_raw,"{""raw_ingredient"": false}","{""raw_ingredient"": true}"
off_a770abb95b,Fideos de arroz,grain_raw,"{""raw_ingredient"": false}","{""raw_ingredient"": true}"
off_0c0508735a,Arroz Parboil,grain_raw,"{""raw_ingredient"": false}","{""raw_ingredient"": true}"
off_dca137369b,Spaghetti de arroz,grain_raw,"{""raw_ingredient"": false}","{""raw_ingredient"": true}"
off_25f82107fc,Arroz Largo categoria primera,grain_raw,"{""raw_ingredient"": false}","{""raw_ingredient"": true}"
off_640dade38b,Arroz de grano grueso especial paella,grain_raw,"{""raw_ingredient"": false}","{""raw_ingredient"": true}"
off_9d5907853d,Arroz y Quinoa Natural Company,grain_raw,"{""raw_ingredient"": false}","{""raw_ingredient"": true}"
off_99bfb357b3,Arroz D.O. Calasparra,grain_raw,"{""raw_ingredient"": false}","{""raw_ingredient"": true}"
off_9f80339152,Pasta de trigo sarraceno,grain_raw,"{""raw_ingredient"": false}","{""raw_ingredient"": true}"
off_547aa0fb70,Arroz SOS,grain_raw,"{""raw_ingredient"": false}","{""raw_ingredient"": true}"
off_ad6d4a2ccf,Arroz redondo sabroz,grain_raw,"{""raw_ingredient"": false}","{""raw_ingredient"": true}"
off_626176a961,Arroz largo angosto,grain_raw,"{""raw_ingredient"": false}","{""raw_ingredient"": true}"
off_d8736b6890,Arroz basmati 5 bolsitas caja 500 g,grain_raw,"{""raw_ingredient"": false}","{""raw_ingredient"": true}"
off_9070c09a7d,Arroz thai jasmin,grain_raw,"{""raw_ingredient"": false}","{""raw_ingredient"": true}"
off_2a7bb5226f,Arroz Blanco Variedad Carnaroli - Gallo - 500 G,grain_raw,"{""raw_ingredient"": false}","{""raw_ingredient"": true}"
off_32899d4c00,Arroz thai,grain_raw,"{""raw_ingredient"": false}","{""raw_ingredient"": true}"
off_c7356ebfd4,Arroz Nomen,grain_raw,"{""raw_ingredient"": false}","{""raw_ingredient"": true}"
off_80a8faedf2,Arroz redondo extra,grain_raw,"{""raw_ingredient"": false}","{""raw_ingredient"": true}"
off_b605508a4c,arroz ecologico,grain_raw,"{""raw_ingredient"": false}","{""raw_ingredient"": true}"
off_dad614a2de,Espaguetis de maíz & arroz,grain_raw,"{""raw_ingredient"": false}","{""raw_ingredient"": true}"
off_f6dae03cf9,Bio couscous de arroz,grain_raw,"{""raw_ingredient"": false}","{""raw_ingredient"": true}"
off_0b589e10ea,Arroz Murta,grain_raw,"{""raw_ingredient"": false}","{""raw_ingredient"": true}"
off_cd267fba1d,Pasta d'oro gluten free,grain_raw,"{""raw_ingredient"": false}","{""raw_ingredient"": true}"
off_431aa8cf68,Pasta d'oro gluten free corn spaghetti,grain_raw,"{""raw_ingredient"": false}","{""raw_ingredient"": true}"
off_fb2820f28c,Penne de arroz y quinoa,grain_raw,"{""raw_ingredient"": false}","{""raw_ingredient"": true}"
off_1e80860124,Italpasta almejas,grain_raw,"{""raw_ingredient"": false}","{""raw_ingredient"": true}"
off_7169e0e5f4,Arroz Con Azafran,grain_raw,"{""raw_ingredient"": false}","{""raw_ingredient"": true}"
off_80ecb95c90,Sam Mills Pasta For Kids Alphabet,grain_raw,"{""raw_ingredient"": false}","{""raw_ingredient"": true}"
off_df918ec7f9,Pasta d'oro fettuccine de maíz sin gluten,grain_raw,"{""raw_ingredient"": false}","{""raw_ingredient"": true}"
off_85109fffa1,Pasta d'oro gluten free corn penne,grain_raw,"{""raw_ingredient"": false}","{""raw_ingredient"": true}"
off_de31749373,Pasta for kids gluten free ducks,grain_raw,"{""raw_ingredient"": false}","{""raw_ingredient"": true}"
off_829d907fd0,"Papilla arroz integral, maiz y quinoa",grain_raw,"{""raw_ingredient"": false}","{""raw_ingredient"": true}"
off_7c7242509a,Italpasta Codo Rayada,grain_raw,"{""raw_ingredient"": false}","{""raw_ingredient"": true}"
off_873514af88,Italpasta Pasta con Verduras serpentina,grain_raw,"{""raw_ingredient"": false}","{""raw_ingredient"": true}"
off_a80b8c9b4b,Arroz Categoría Extra,grain_raw,"{""raw_ingredient"": false}","{""raw_ingredient"": true}"
off_e3509d4cc2,Arroz blanco ecológico,grain_raw,"{""raw_ingredient"": false}","{""raw_ingredient"": true}"
off_594b48519c,Arroz El Cazador,grain_raw,"{""raw_ingredient"": false}","{""raw_ingredient"": true}"
off_e5384dfed9,lasagne granoro quinoa,grain_raw,"{""raw_ingredient"": false}","{""raw_ingredient"": true}"
off_cc41b252db,Bio Arroz Largo / Longo,grain_raw,"{""raw_ingredient"": false}","{""raw_ingredient"": true}"
off_e71957d9ec,Arroz Rápido,grain_raw,"{""raw_ingredient"": false}","{""raw_ingredient"": true}"
off_e7322dce7f,Arroz arborio San Miguel,grain_raw,"{""raw_ingredient"": false}","{""raw_ingredient"": true}"
off_39d70a34d9,Arroz paellero San Miguel,grain_raw,"{""raw_ingredient"": false}","{""raw_ingredient"": true}"
off_a32b8284dd,"Arroz Salvaje, grano largo y vegetales Eat Natural Lima Limon",grain_raw,"{""raw_ingredient"": false}","{""raw_ingredient"": true}"
off_83ffecfc29,Papilla de copos de arroz,grain_raw,"{""raw_ingredient"": false}","{""raw_ingredient"": true}"
off_44aaa58523,Risotto de arroz negro,grain_raw,"{""raw_ingredient"": false}","{""raw_ingredient"": true}"
off_8a9a00145d,Arroz redondo integral imp,grain_raw,"{""raw_ingredient"": false}","{""raw_ingredient"": true}"
off_1360658fdc,Arroz basmati brajma,grain_raw,"{""raw_ingredient"": false}","{""raw_ingredient"": true}"
off_a8339ef663,Pan 15 Cereales y Semillas,pan_desayuno,"{""meal_slot"": ""any""}","{""meal_slot"": ""desayuno""}"
off_60f88ae0d0,Macaroni Pasta,grain_raw,"{""raw_ingredient"": false}","{""raw_ingredient"": true}"
off_e3896986d7,Tortillas de trigo,grain_raw,"{""raw_ingredient"": false}","{""raw_ingredient"": true}"
off_9586b44c08,Pan Multicereales,pan_desayuno,"{""meal_slot"": ""any""}","{""meal_slot"": ""desayuno""}"
off_9ff218b066,Pasta de full,grain_raw,"{""raw_ingredient"": false}","{""raw_ingredient"": true}"
off_2b3b90b91c,Arroz largo coviran,grain_raw,"{""raw_ingredient"": false}","{""raw_ingredient"": true}"
off_ee3f93fe40,Pasta alimentaria,grain_raw,"{""raw_ingredient"": false}","{""raw_ingredient"": true}"
off_78456ba709,Arroz integral grano redondo,grain_raw,"{""raw_ingredient"": false}","{""raw_ingredient"": true}"
off_f5da4e9ed7,Pasta,grain_raw,"{""raw_ingredient"": false}","{""raw_ingredient"": true}"
off_bca1c7952c,Pasta alimentaria integral,grain_raw,"{""raw_ingredient"": false}","{""raw_ingredient"": true}"
off_15eaf6f928,Copos de avena finos,grain_raw,"{""raw_ingredient"": false}","{""raw_ingredient"": true}"
off_eebdd0b338,"Barra de pan de maíz sin gluten, lactosa, huevo",pan_desayuno,"{""meal_slot"": ""any""}","{""meal_slot"": ""desayuno""}"
